<component name="InspectionProjectProfileManager">
  <profile version="1.0">
    <option name="myName" value="Project Default" />
    <inspection_tool class="DuplicatedCode" enabled="true" level="WEAK WARNING" enabled_by_default="true">
      <Languages>
        <language minSize="143" name="PHP" />
      </Languages>
    </inspection_tool>
    <inspection_tool class="HtmlUnknownTag" enabled="true" level="WARNING" enabled_by_default="true">
      <option name="myValues">
        <value>
          <list size="7">
            <item index="0" class="java.lang.String" itemvalue="nobr" />
            <item index="1" class="java.lang.String" itemvalue="noembed" />
            <item index="2" class="java.lang.String" itemvalue="comment" />
            <item index="3" class="java.lang.String" itemvalue="noscript" />
            <item index="4" class="java.lang.String" itemvalue="embed" />
            <item index="5" class="java.lang.String" itemvalue="script" />
            <item index="6" class="java.lang.String" itemvalue="th" />
          </list>
        </value>
      </option>
      <option name="myCustomValuesEnabled" value="true" />
    </inspection_tool>
    <inspection_tool class="JSHint" enabled="true" level="ERROR" enabled_by_default="true" />
  </profile>
</component>